<?xml version="1.0" encoding="UTF-8"?>
<beans xmlns="http://www.springframework.org/schema/beans"
	xmlns:xsi="http://www.w3.org/2001/XMLSchema-instance"
	xmlns:context="http://www.springframework.org/schema/context"
	xmlns:mvc="http://www.springframework.org/schema/mvc"
	xmlns:tx="http://www.springframework.org/schema/tx"
	xsi:schemaLocation="http://www.springframework.org/schema/beans http://www.springframework.org/schema/beans/spring-beans.xsd
		http://www.springframework.org/schema/context http://www.springframework.org/schema/context/spring-context-4.3.xsd
		http://www.springframework.org/schema/mvc http://www.springframework.org/schema/mvc/spring-mvc-4.3.xsd
		http://www.springframework.org/schema/tx http://www.springframework.org/schema/tx/spring-tx-4.3.xsd">


<context:annotation-config/>
<context:component-scan base-package="com.cg.*"/>
<mvc:annotation-driven/>
<bean id="resolver" class="org.springframework.web.servlet.view.InternalResourceViewResolver">

<property name="prefix" value="/WEB-INF/view/"/>
<property name="suffix" value=".jsp"/>
</bean>

<!-- Layered Architecture -->

<bean id="service" class="com.cg.service.TraineeServiceImpl">
<constructor-arg ref="dao"/>
</bean>
<bean id="dao" class="com.cg.dao.TraineeDaoImpl">
</bean>


<!-- Data source -->
<bean id="ds" class="org.springframework.jdbc.datasource.DriverManagerDataSource">
<property name="url" value="jdbc:mysql://localhost:3306/trainee"/>
<property name="username" value="root"/>
<property name="password" value="root"/>
<property name="driverClassName" value="com.mysql.jdbc.Driver"/>
</bean>

<!--Spring equivalent EMF -->
<bean id="emf" class="org.springframework.orm.jpa.LocalContainerEntityManagerFactoryBean">
<property name="dataSource" ref="ds"></property>


<!-- Hibernate properties -->
<property name="jpaProperties" >
<props>
<!-- <prop key="hibernate.show_sql">true</prop>   -->
<prop key="hibernate.hbm2ddl.auto">update</prop>
<prop key="hibernate.dialect">org.hibernate.dialect.MySQL5Dialect</prop>
</props>


</property>
<property name="packagesToScan" value="com.cg.bean"/>

<!-- Ref calss of entity manager -->

<property name="jpaVendorAdapter">


<bean class="org.springframework.orm.jpa.vendor.HibernateJpaVendorAdapter"/>
</property>

</bean>
<!-- Spring eq of jpaTransactionManager -->
<bean id="transactionManager" class="org.springframework.orm.jpa.JpaTransactionManager">
<property ref="emf" name="entityManagerFactory" />
</bean>


<tx:annotation-driven transaction-manager="transactionManager"/>
</beans>
